0,1,2,3,4,5,12,16,24,31,32,33,35,36,37,38,39,40,41,42,47,48,49,50,51,52,53,56,57,58,59,60,61,62,63,64,65,66,67,72,73,74,76,77,81,82,83,84,85,86,87,89,90,91,92,93,94,96,97,101,102,103,104,105,106,107,108,109,110,113,114,115,116,117,118,119,120,121,122,123,124,125,126,129,130,133,134,135,136,137,138,139,140,141,142,143,144,145,146,147,148,149,150,151,152,153,154,155,156,157,158,161,162,163,164,165,166,167,168,169,170,171,172,173,174,175,176,177,178,179,180,181,182,183,184,185,186,187,188,191,192,193,194,195,196,197,198,199,200,201,202,203,204,205,206,207,208,AD
9.385030865669250488e-01,1.172677159309387207e+00,1.112300038337707520e+00,9.938946366310119629e-01,1.035429835319519043e+00,5.237022042274475098e-01,1.202776789665222168e+00,8.515226840972900391e-01,1.102914214134216309e+00,1.154418945312500000e+00,1.049442410469055176e+00,1.052557826042175293e+00,8.647408485412597656e-01,9.626659154891967773e-01,9.986700415611267090e-01,1.107299923896789551e+00,1.046833395957946777e+00,1.083024382591247559e+00,1.010293245315551758e+00,1.011125326156616211e+00,8.499776721000671387e-01,9.804049134254455566e-01,1.003646850585937500e+00,7.888492941856384277e-01,7.951254844665527344e-01,5.915164947509765625e-01,5.226690769195556641e-01,1.024909377098083496e+00,1.019716739654541016e+00,1.050941467285156250e+00,1.096566915512084961e+00,1.085363984107971191e+00,1.145885467529296875e+00,9.108523130416870117e-01,9.478544592857360840e-01,1.145725488662719727e+00,1.088871359825134277e+00,8.091870546340942383e-01,7.694244980812072754e-01,8.732651472091674805e-01,8.194916248321533203e-01,1.130209922790527344e+00,9.553150534629821777e-01,9.621359705924987793e-01,1.009759187698364258e+00,9.454551935195922852e-01,9.300643801689147949e-01,9.192333817481994629e-01,9.690170884132385254e-01,1.050181269645690918e+00,9.727746248245239258e-01,9.981245398521423340e-01,9.811647534370422363e-01,8.579419851303100586e-01,9.833485484123229980e-01,1.089413642883300781e+00,1.092208862304687500e+00,1.098097920417785645e+00,1.076668143272399902e+00,1.046259999275207520e+00,9.165012836456298828e-01,1.055780053138732910e+00,1.178897738456726074e+00,1.038523912429809570e+00,1.125822544097900391e+00,1.607829928398132324e+00,1.474385023117065430e+00,8.440901041030883789e-01,8.287425637245178223e-01,1.067209124565124512e+00,1.031209945678710938e+00,8.538398146629333496e-01,9.561662077903747559e-01,8.292797207832336426e-01,9.275553822517395020e-01,1.095278024673461914e+00,1.094996094703674316e+00,1.368641495704650879e+00,1.100997090339660645e+00,1.070838809013366699e+00,1.136479854583740234e+00,8.205146789550781250e-01,8.598847985267639160e-01,1.352229714393615723e+00,1.304997205734252930e+00,1.158041119575500488e+00,1.104195713996887207e+00,1.119007229804992676e+00,9.962897896766662598e-01,1.025440692901611328e+00,1.036457061767578125e+00,9.442840218544006348e-01,9.499444365501403809e-01,8.268247842788696289e-01,9.426538348197937012e-01,1.124522328376770020e+00,1.185390949249267578e+00,1.549848079681396484e+00,1.558022379875183105e+00,9.569762945175170898e-01,1.099721074104309082e+00,1.030662894248962402e+00,8.617855310440063477e-01,1.451254725456237793e+00,1.449744582176208496e+00,1.009851932525634766e+00,1.134157061576843262e+00,1.368209600448608398e+00,1.141797065734863281e+00,1.222151637077331543e+00,1.341781020164489746e+00,1.076430797576904297e+00,1.387500286102294922e+00,1.140453577041625977e+00,8.460545539855957031e-01,6.302670240402221680e-01,9.500025510787963867e-01,1.027969956398010254e+00,1.026159286499023438e+00,1.249267697334289551e+00,1.107121825218200684e+00,1.029599905014038086e+00,1.020808219909667969e+00,8.994135260581970215e-01,9.135827422142028809e-01,1.194016337394714355e+00,1.014526009559631348e+00,9.531902670860290527e-01,9.777981042861938477e-01,8.978034257888793945e-01,8.883297443389892578e-01,9.788985252380371094e-01,9.574773311614990234e-01,1.014830470085144043e+00,1.037549614906311035e+00,1.016076803207397461e+00,1.235233068466186523e+00,8.941499590873718262e-01,9.092748165130615234e-01,1.033859848976135254e+00,1.143035888671875000e+00,1.016726851463317871e+00,1.247815370559692383e+00,1.105751633644104004e+00,1.143000602722167969e+00,9.533002972602844238e-01,1.175538182258605957e+00,1.071267962455749512e+00,1.533222675323486328e+00,1.074727416038513184e+00,1.150821328163146973e+00,9.364696741104125977e-01,1.056784033775329590e+00,1.054989218711853027e+00,9.905322790145874023e-01,9.458441138267517090e-01,8.445518016815185547e-01,1.000000000000000000e+00
9.046554565429687500e-01,1.216426134109497070e+00,1.142895340919494629e+00,9.712854027748107910e-01,1.118387818336486816e+00,4.457421302795410156e-01,1.174362778663635254e+00,nan,1.356518507003784180e+00,1.193859100341796875e+00,9.632582664489746094e-01,9.272759556770324707e-01,8.552423715591430664e-01,9.921901226043701172e-01,8.351804018020629883e-01,8.496787548065185547e-01,1.072895646095275879e+00,1.117319941520690918e+00,1.051234960556030273e+00,1.061550021171569824e+00,8.113213181495666504e-01,7.042611837387084961e-01,7.610145807266235352e-01,3.702000975608825684e-01,4.352690875530242920e-01,1.971635967493057251e-01,2.289987057447433472e-01,1.121318697929382324e+00,1.058585643768310547e+00,1.185644268989562988e+00,1.111678361892700195e+00,1.234703063964843750e+00,1.286671519279479980e+00,9.122353792190551758e-01,9.548651576042175293e-01,9.348836541175842285e-01,9.500375390052795410e-01,4.511812329292297363e-01,5.095704197883605957e-01,1.258135318756103516e+00,1.020022153854370117e+00,1.101718902587890625e+00,9.606028795242309570e-01,1.036563515663146973e+00,9.176415205001831055e-01,1.089382171630859375e+00,1.170220494270324707e+00,1.071479201316833496e+00,9.123709201812744141e-01,9.539331197738647461e-01,1.007432699203491211e+00,8.482475876808166504e-01,1.049204349517822266e+00,1.113020896911621094e+00,1.058247327804565430e+00,1.029291987419128418e+00,9.102644324302673340e-01,1.145874381065368652e+00,1.079782366752624512e+00,1.241328001022338867e+00,1.082420229911804199e+00,1.061984419822692871e+00,1.056237816810607910e+00,1.409652590751647949e+00,1.372485637664794922e+00,1.216995596885681152e+00,1.286107897758483887e+00,6.637126803398132324e-01,8.010407090187072754e-01,1.167236089706420898e+00,1.225256562232971191e+00,1.064664244651794434e+00,1.113029479980468750e+00,1.091152787208557129e+00,1.002664089202880859e+00,1.027739286422729492e+00,1.168857812881469727e+00,1.152324676513671875e+00,1.103446602821350098e+00,1.156471133232116699e+00,1.198791384696960449e+00,1.041819453239440918e+00,1.089539527893066406e+00,1.255649685859680176e+00,1.513447999954223633e+00,9.918133020401000977e-01,1.268345117568969727e+00,1.012527108192443848e+00,9.825422763824462891e-01,1.283749818801879883e+00,1.549442291259765625e+00,1.007589578628540039e+00,9.668249487876892090e-01,1.008239746093750000e+00,9.989194273948669434e-01,1.088429570198059082e+00,1.147982358932495117e+00,1.388374328613281250e+00,1.396398425102233887e+00,1.135214924812316895e+00,1.161793708801269531e+00,1.070619940757751465e+00,9.122887849807739258e-01,1.179500341415405273e+00,1.290839552879333496e+00,1.065722584724426270e+00,1.125463366508483887e+00,1.248337030410766602e+00,1.034661054611206055e+00,8.599124550819396973e-01,9.931337833404541016e-01,1.231031775474548340e+00,1.337780714035034180e+00,1.188592433929443359e+00,1.622721433639526367e+00,1.170717954635620117e+00,1.416772007942199707e+00,1.540132880210876465e+00,1.544266700744628906e+00,1.334908723831176758e+00,1.323045492172241211e+00,1.085863232612609863e+00,1.085738182067871094e+00,9.160343408584594727e-01,9.245921969413757324e-01,9.788327217102050781e-01,1.022488832473754883e+00,1.299474239349365234e+00,1.061338424682617188e+00,1.186288118362426758e+00,1.196234583854675293e+00,9.087672829627990723e-01,9.581558704376220703e-01,1.048691272735595703e+00,9.975281953811645508e-01,1.020975947380065918e+00,1.056400537490844727e+00,9.984182715415954590e-01,9.024869799613952637e-01,1.255678892135620117e+00,1.159703731536865234e+00,1.073734998703002930e+00,1.046822428703308105e+00,1.182753324508666992e+00,1.334037184715270996e+00,1.329162597656250000e+00,1.210742115974426270e+00,1.275039792060852051e+00,1.160547733306884766e+00,1.068522930145263672e+00,1.174021482467651367e+00,1.118272304534912109e+00,1.099475860595703125e+00,1.096581578254699707e+00,1.392335295677185059e+00,1.150788068771362305e+00,1.104139804840087891e+00,1.000000000000000000e+00
8.907868862152099609e-01,1.295082211494445801e+00,1.114215254783630371e+00,9.574389457702636719e-01,1.063942551612854004e+00,3.957637548446655273e-01,8.994290232658386230e-01,8.345614671707153320e-01,1.205459237098693848e+00,1.285833239555358887e+00,1.071362614631652832e+00,1.054551720619201660e+00,1.311323642730712891e+00,1.108835697174072266e+00,1.072148680686950684e+00,1.011278510093688965e+00,1.222290039062500000e+00,1.204905867576599121e+00,1.291741847991943359e+00,1.215772867202758789e+00,6.545788049697875977e-01,9.306513071060180664e-01,9.667682647705078125e-01,5.352074503898620605e-01,5.909622907638549805e-01,4.790717661380767822e-01,4.039203822612762451e-01,1.317075729370117188e+00,1.302066326141357422e+00,1.289960503578186035e+00,1.249108076095581055e+00,1.090362906455993652e+00,1.060912728309631348e+00,1.090825796127319336e+00,1.180410146713256836e+00,1.159080386161804199e+00,1.014573931694030762e+00,6.888223290443420410e-01,6.227077245712280273e-01,1.096149206161499023e+00,1.324309349060058594e+00,1.241522431373596191e+00,9.892600774765014648e-01,1.006511211395263672e+00,9.466484189033508301e-01,1.244545459747314453e+00,1.106489062309265137e+00,1.025015115737915039e+00,8.035109639167785645e-01,8.924322128295898438e-01,8.759054541587829590e-01,8.607674241065979004e-01,1.181235432624816895e+00,8.369766473770141602e-01,1.035540819168090820e+00,8.647232055664062500e-01,8.343909978866577148e-01,1.159230828285217285e+00,1.098942160606384277e+00,1.036179661750793457e+00,8.696209788322448730e-01,1.127994060516357422e+00,1.120088219642639160e+00,1.041752457618713379e+00,1.169983386993408203e+00,1.102355360984802246e+00,1.148121476173400879e+00,8.978519439697265625e-01,8.073445558547973633e-01,8.970326185226440430e-01,8.574676513671875000e-01,8.729801177978515625e-01,8.647079467773437500e-01,1.105132937431335449e+00,1.012434244155883789e+00,1.053270816802978516e+00,1.362514853477478027e+00,8.984490633010864258e-01,1.094036936759948730e+00,9.667263031005859375e-01,9.531400203704833984e-01,9.935055375099182129e-01,9.587796330451965332e-01,9.425761103630065918e-01,1.046410322189331055e+00,1.092767238616943359e+00,9.938481450080871582e-01,9.712817072868347168e-01,9.666829109191894531e-01,9.903975129127502441e-01,1.127757430076599121e+00,1.095229625701904297e+00,9.513150453567504883e-01,1.093085050582885742e+00,8.735514283180236816e-01,1.200185894966125488e+00,9.731522202491760254e-01,9.013003110885620117e-01,9.728235006332397461e-01,1.164702177047729492e+00,1.168863177299499512e+00,1.529466629028320312e+00,1.778382658958435059e+00,1.021069407463073730e+00,8.513006567955017090e-01,9.812330007553100586e-01,1.157888531684875488e+00,1.081331849098205566e+00,9.813873171806335449e-01,9.216854572296142578e-01,1.076724410057067871e+00,1.093857526779174805e+00,1.079514741897583008e+00,1.131994605064392090e+00,1.117778539657592773e+00,1.024061560630798340e+00,1.197914719581604004e+00,8.622456192970275879e-01,8.258490562438964844e-01,9.328463077545166016e-01,8.637629747390747070e-01,1.069684863090515137e+00,1.010159373283386230e+00,8.499397635459899902e-01,7.685524225234985352e-01,8.704910874366760254e-01,9.933388829231262207e-01,1.053596019744873047e+00,1.234241843223571777e+00,1.208184361457824707e+00,1.238193273544311523e+00,1.018906354904174805e+00,9.974285960197448730e-01,1.193091869354248047e+00,1.370110154151916504e+00,7.947067618370056152e-01,9.409533739089965820e-01,7.155673503875732422e-01,8.332906365394592285e-01,1.004974126815795898e+00,1.233984947204589844e+00,9.688392281532287598e-01,1.220032930374145508e+00,7.657836675643920898e-01,8.054019808769226074e-01,1.191207170486450195e+00,1.197422027587890625e+00,1.413833856582641602e+00,9.827899932861328125e-01,1.033234715461730957e+00,1.184108853340148926e+00,9.222297072410583496e-01,8.983702659606933594e-01,1.235189557075500488e+00,1.660827279090881348e+00,7.893785238265991211e-01,8.441519141197204590e-01,1.000000000000000000e+00
9.880087971687316895e-01,1.024857878684997559e+00,9.104680418968200684e-01,9.766873717308044434e-01,8.758991956710815430e-01,1.464471817016601562e+00,1.473041415214538574e+00,nan,1.301655054092407227e+00,9.412638545036315918e-01,1.033611536026000977e+00,1.369830846786499023e+00,8.002760410308837891e-01,9.599208235740661621e-01,1.001458048820495605e+00,1.159048318862915039e+00,1.035660266876220703e+00,1.044581770896911621e+00,8.985923528671264648e-01,7.233799695968627930e-01,1.642396330833435059e+00,9.467720389366149902e-01,1.103732466697692871e+00,8.929834961891174316e-01,1.131878972053527832e+00,9.693741202354431152e-01,1.119289040565490723e+00,9.293989539146423340e-01,9.232676029205322266e-01,1.235978841781616211e+00,1.154032111167907715e+00,1.453245639801025391e+00,1.405972599983215332e+00,9.770452976226806641e-01,9.190313220024108887e-01,1.271982550621032715e+00,1.198040485382080078e+00,8.211696147918701172e-01,8.990803360939025879e-01,1.292226433753967285e+00,8.401890397071838379e-01,1.036752462387084961e+00,1.339048862457275391e+00,1.582277178764343262e+00,1.324557900428771973e+00,8.340424895286560059e-01,1.167621850967407227e+00,1.068277597427368164e+00,1.129541516304016113e+00,1.093673229217529297e+00,8.196949362754821777e-01,1.098764538764953613e+00,8.137055039405822754e-01,1.043745636940002441e+00,1.090125083923339844e+00,8.917377591133117676e-01,9.945901632308959961e-01,1.360638499259948730e+00,1.156016826629638672e+00,1.227703928947448730e+00,1.171545147895812988e+00,1.235149145126342773e+00,1.271496176719665527e+00,1.242701172828674316e+00,1.051811814308166504e+00,1.375312805175781250e+00,9.952299594879150391e-01,1.377162814140319824e+00,1.431759834289550781e+00,1.168679475784301758e+00,1.153890848159790039e+00,1.302451491355895996e+00,1.271082639694213867e+00,1.149708747863769531e+00,1.297806739807128906e+00,1.194197297096252441e+00,1.199305772781372070e+00,1.047020792961120605e+00,1.255467414855957031e+00,1.430497288703918457e+00,1.291112184524536133e+00,1.228467583656311035e+00,1.280423760414123535e+00,1.120483279228210449e+00,9.905350804328918457e-01,1.210062026977539062e+00,1.103130936622619629e+00,1.197968125343322754e+00,1.312530517578125000e+00,1.022479772567749023e+00,1.071972966194152832e+00,1.478070616722106934e+00,1.438892602920532227e+00,1.387052178382873535e+00,1.421192049980163574e+00,9.609693884849548340e-01,1.047120928764343262e+00,1.236757516860961914e+00,1.094920158386230469e+00,1.107046723365783691e+00,1.022997856140136719e+00,1.074577689170837402e+00,2.049746990203857422e+00,1.311712026596069336e+00,1.363084077835083008e+00,1.535683751106262207e+00,1.469483971595764160e+00,1.171373844146728516e+00,1.251021265983581543e+00,1.010599851608276367e+00,6.649382114410400391e-01,1.104830622673034668e+00,8.533339500427246094e-01,9.488273859024047852e-01,8.440054655075073242e-01,1.020982265472412109e+00,1.223852515220642090e+00,1.135094881057739258e+00,1.259956717491149902e+00,1.220219492912292480e+00,1.273032069206237793e+00,1.106823921203613281e+00,1.167591810226440430e+00,1.325707316398620605e+00,1.346879243850708008e+00,1.341449975967407227e+00,1.488204479217529297e+00,1.067032098770141602e+00,1.161308169364929199e+00,1.080769777297973633e+00,1.103974938392639160e+00,1.445982098579406738e+00,1.291306614875793457e+00,9.357856512069702148e-01,1.033248186111450195e+00,1.394991636276245117e+00,1.252585530281066895e+00,1.778941392898559570e+00,1.282030820846557617e+00,9.359505176544189453e-01,1.010659933090209961e+00,1.122143387794494629e+00,1.225214362144470215e+00,9.984356164932250977e-01,9.216499328613281250e-01,7.418306469917297363e-01,7.263508439064025879e-01,8.449152708053588867e-01,9.183394312858581543e-01,1.139543533325195312e+00,1.237758636474609375e+00,1.118043422698974609e+00,1.249688744544982910e+00,1.129665851593017578e+00,9.689016342163085938e-01,1.446843981742858887e+00,1.444507122039794922e+00,1.000000000000000000e+00
9.759715199470520020e-01,1.189403414726257324e+00,9.993730783462524414e-01,1.013665676116943359e+00,9.039571285247802734e-01,1.059748172760009766e+00,1.423226952552795410e+00,9.842761754989624023e-01,9.502764940261840820e-01,1.012151956558227539e+00,8.855679035186767578e-01,9.127191305160522461e-01,9.888737797737121582e-01,1.010525345802307129e+00,9.584615826606750488e-01,9.258587956428527832e-01,1.060369014739990234e+00,1.043996691703796387e+00,1.260203003883361816e+00,1.242931365966796875e+00,1.113040208816528320e+00,9.568232297897338867e-01,9.941408634185791016e-01,1.047723412513732910e+00,1.011875629425048828e+00,9.286268949508666992e-01,8.723533749580383301e-01,9.628929495811462402e-01,9.403292536735534668e-01,1.018306255340576172e+00,1.013371348381042480e+00,1.068767786026000977e+00,1.037646889686584473e+00,1.019790649414062500e+00,1.017306089401245117e+00,8.907688260078430176e-01,9.322820305824279785e-01,9.790375232696533203e-01,9.668276309967041016e-01,9.607032537460327148e-01,8.721414804458618164e-01,1.105501055717468262e+00,9.551415443420410156e-01,1.013062715530395508e+00,1.091751217842102051e+00,9.681216478347778320e-01,8.753933906555175781e-01,1.090753078460693359e+00,1.095333099365234375e+00,1.078422307968139648e+00,9.758688211441040039e-01,1.062091827392578125e+00,1.002808928489685059e+00,1.135725140571594238e+00,1.088348507881164551e+00,1.085115790367126465e+00,1.049124836921691895e+00,9.645726084709167480e-01,1.013717651367187500e+00,8.027418255805969238e-01,9.748908281326293945e-01,9.272734522819519043e-01,9.651737213134765625e-01,8.541271686553955078e-01,9.378128647804260254e-01,8.766399621963500977e-01,8.835691809654235840e-01,1.015268445014953613e+00,9.812607169151306152e-01,7.933977246284484863e-01,9.709032177925109863e-01,1.066458821296691895e+00,9.128122329711914062e-01,1.017891645431518555e+00,8.621599078178405762e-01,9.771717786788940430e-01,1.144927382469177246e+00,1.051198601722717285e+00,1.017763018608093262e+00,9.345719814300537109e-01,9.315689802169799805e-01,1.023628950119018555e+00,1.120640754699707031e+00,9.748276472091674805e-01,9.929560422897338867e-01,8.594737052917480469e-01,9.473201632499694824e-01,9.104469418525695801e-01,9.208977222442626953e-01,1.167030453681945801e+00,9.776675105094909668e-01,8.929545879364013672e-01,1.052253961563110352e+00,1.251044034957885742e+00,1.248861670494079590e+00,9.719470739364624023e-01,8.219529390335083008e-01,7.193770408630371094e-01,8.612630963325500488e-01,9.003307223320007324e-01,1.004363656044006348e+00,1.057636141777038574e+00,1.082402229309082031e+00,9.249022603034973145e-01,1.022742033004760742e+00,9.261533021926879883e-01,7.856968045234680176e-01,8.922905921936035156e-01,9.825431108474731445e-01,1.011168241500854492e+00,1.170576810836791992e+00,8.824028968811035156e-01,9.757218360900878906e-01,9.441288113594055176e-01,1.024842143058776855e+00,8.929634094238281250e-01,8.288777470588684082e-01,1.032864928245544434e+00,1.075091123580932617e+00,8.987599015235900879e-01,8.660858869552612305e-01,9.783207774162292480e-01,9.008089303970336914e-01,8.266949057579040527e-01,8.358291387557983398e-01,1.309190750122070312e+00,9.687276482582092285e-01,9.075004458427429199e-01,1.016110897064208984e+00,9.554297327995300293e-01,8.666360378265380859e-01,8.747300505638122559e-01,8.788040280342102051e-01,9.537027478218078613e-01,9.378167390823364258e-01,1.285764455795288086e+00,9.639533162117004395e-01,9.991140365600585938e-01,1.020850896835327148e+00,9.609124064445495605e-01,9.083305001258850098e-01,9.293282628059387207e-01,9.537088274955749512e-01,1.054519176483154297e+00,8.171125650405883789e-01,8.781824707984924316e-01,8.161386251449584961e-01,9.292674660682678223e-01,9.245287775993347168e-01,1.115658640861511230e+00,1.048694491386413574e+00,9.484730362892150879e-01,9.437273144721984863e-01,1.112164855003356934e+00,9.748453497886657715e-01,1.170156478881835938e+00,1.388492584228515625e+00,0.000000000000000000e+00
9.728525876998901367e-01,1.377128601074218750e+00,1.053166985511779785e+00,1.053667068481445312e+00,9.070104956626892090e-01,1.119558811187744141e+00,1.059221029281616211e+00,nan,9.511888027191162109e-01,8.752978444099426270e-01,9.325141906738281250e-01,9.030063152313232422e-01,8.627854585647583008e-01,9.912584424018859863e-01,1.315655827522277832e+00,1.231855869293212891e+00,9.252805709838867188e-01,8.971030116081237793e-01,1.009776115417480469e+00,1.071932196617126465e+00,1.089041352272033691e+00,9.896906614303588867e-01,1.017948150634765625e+00,9.940089583396911621e-01,1.073087215423583984e+00,1.296879887580871582e+00,1.086512088775634766e+00,9.672349095344543457e-01,9.580497741699218750e-01,1.119745254516601562e+00,1.142909884452819824e+00,1.163578867912292480e+00,1.125529408454895020e+00,9.719088673591613770e-01,9.888447523117065430e-01,9.916650652885437012e-01,1.024515509605407715e+00,1.152080655097961426e+00,1.133070468902587891e+00,9.486387372016906738e-01,6.082363128662109375e-01,9.023721814155578613e-01,9.444816708564758301e-01,9.680720567703247070e-01,1.046197652816772461e+00,1.039924502372741699e+00,1.078710794448852539e+00,9.875108599662780762e-01,9.537624716758728027e-01,1.041992902755737305e+00,1.046937346458435059e+00,1.054025411605834961e+00,1.049529433250427246e+00,1.008515119552612305e+00,1.008896589279174805e+00,1.026979565620422363e+00,9.984751343727111816e-01,1.124167919158935547e+00,1.118232250213623047e+00,7.810016870498657227e-01,7.173593640327453613e-01,1.161551356315612793e+00,1.060614824295043945e+00,1.159680008888244629e+00,8.463382720947265625e-01,8.804571032524108887e-01,7.405257225036621094e-01,8.828009963035583496e-01,1.004036784172058105e+00,8.996551632881164551e-01,1.128991484642028809e+00,8.721354007720947266e-01,7.888463735580444336e-01,9.298032522201538086e-01,8.788279891014099121e-01,1.079086303710937500e+00,8.681443929672241211e-01,1.521641612052917480e+00,1.268578767776489258e+00,9.239230751991271973e-01,8.133652806282043457e-01,1.171693563461303711e+00,1.021726250648498535e+00,1.123547554016113281e+00,1.097260355949401855e+00,9.622436761856079102e-01,9.947642087936401367e-01,9.604109525680541992e-01,9.173710942268371582e-01,1.059787631034851074e+00,1.074648618698120117e+00,1.146420717239379883e+00,1.057818651199340820e+00,1.024806857109069824e+00,1.054629802703857422e+00,9.683409333229064941e-01,8.424805998802185059e-01,8.977792859077453613e-01,1.187642574310302734e+00,1.048592209815979004e+00,9.532731175422668457e-01,1.129665493965148926e+00,1.325312256813049316e+00,1.082829236984252930e+00,1.126565337181091309e+00,9.034367203712463379e-01,9.780087471008300781e-01,9.769778847694396973e-01,1.017052173614501953e+00,1.126569867134094238e+00,1.262043356895446777e+00,9.607197642326354980e-01,9.661383628845214844e-01,7.232939004898071289e-01,8.588070869445800781e-01,9.735307693481445312e-01,1.170707106590270996e+00,1.016748189926147461e+00,1.061964035034179688e+00,9.800417423248291016e-01,8.546215295791625977e-01,9.962939023971557617e-01,9.014086723327636719e-01,1.161878705024719238e+00,1.098968386650085449e+00,1.011881232261657715e+00,1.044744968414306641e+00,9.437009692192077637e-01,8.779405951499938965e-01,9.269672036170959473e-01,9.832579493522644043e-01,1.061458110809326172e+00,1.157960176467895508e+00,8.633406162261962891e-01,8.685035705566406250e-01,1.057091355323791504e+00,1.019309520721435547e+00,9.739786982536315918e-01,9.950324892997741699e-01,8.578547835350036621e-01,9.103795289993286133e-01,8.434742689132690430e-01,8.527170419692993164e-01,9.387930631637573242e-01,1.056942820549011230e+00,7.991927266120910645e-01,8.979119062423706055e-01,7.471608519554138184e-01,7.405863404273986816e-01,1.108232021331787109e+00,1.071453213691711426e+00,9.043698310852050781e-01,9.131954312324523926e-01,8.959026932716369629e-01,9.813275337219238281e-01,1.087387084960937500e+00,1.064501643180847168e+00,0.000000000000000000e+00
9.656801819801330566e-01,1.074086666107177734e+00,9.226826429367065430e-01,8.983110785484313965e-01,9.463420510292053223e-01,8.344870805740356445e-01,8.184188008308410645e-01,9.295812845230102539e-01,9.948949217796325684e-01,1.128624677658081055e+00,1.131004333496093750e+00,1.285156130790710449e+00,9.301218390464782715e-01,1.019676327705383301e+00,8.963580727577209473e-01,9.284482002258300781e-01,8.891614079475402832e-01,9.202232360839843750e-01,1.098107933998107910e+00,1.174098610877990723e+00,9.376792907714843750e-01,1.148662090301513672e+00,1.084052085876464844e+00,1.058808565139770508e+00,1.170996665954589844e+00,4.531660974025726318e-01,3.688214719295501709e-01,1.252750158309936523e+00,1.345843195915222168e+00,1.270780324935913086e+00,1.333792686462402344e+00,1.117756962776184082e+00,1.156630277633666992e+00,1.069183826446533203e+00,1.076485276222229004e+00,1.244955897331237793e+00,1.310754299163818359e+00,8.569810390472412109e-01,7.438679337501525879e-01,8.568748831748962402e-01,9.202344417572021484e-01,9.265367984771728516e-01,1.129307627677917480e+00,1.065069079399108887e+00,1.195843338966369629e+00,1.148419380187988281e+00,1.114398002624511719e+00,1.163034439086914062e+00,1.207969903945922852e+00,1.268243670463562012e+00,9.820228219032287598e-01,1.174354076385498047e+00,1.197736144065856934e+00,1.101979136466979980e+00,1.179529309272766113e+00,1.289047360420227051e+00,1.189748167991638184e+00,1.104677319526672363e+00,1.155873298645019531e+00,9.071829915046691895e-01,9.179515838623046875e-01,1.103641271591186523e+00,1.119249224662780762e+00,1.099431514739990234e+00,8.347084522247314453e-01,9.849761724472045898e-01,8.719921708106994629e-01,1.265067577362060547e+00,1.501045107841491699e+00,8.664095401763916016e-01,8.407791852951049805e-01,8.918856382369995117e-01,9.684468507766723633e-01,1.085691094398498535e+00,1.111933588981628418e+00,1.144805192947387695e+00,9.881453514099121094e-01,9.335876703262329102e-01,8.800539970397949219e-01,9.139876961708068848e-01,9.889047741889953613e-01,8.118849992752075195e-01,8.721464276313781738e-01,9.618727564811706543e-01,1.029203534126281738e+00,9.602502584457397461e-01,8.928449749946594238e-01,1.020259499549865723e+00,1.054984211921691895e+00,1.179261445999145508e+00,9.097606539726257324e-01,8.917777538299560547e-01,8.735746145248413086e-01,9.096033573150634766e-01,8.569527268409729004e-01,9.769376516342163086e-01,1.046430706977844238e+00,7.550789713859558105e-01,8.470150828361511230e-01,8.829538822174072266e-01,8.683588504791259766e-01,1.349446773529052734e+00,1.557020664215087891e+00,1.187613129615783691e+00,1.229774236679077148e+00,1.030761122703552246e+00,1.183247089385986328e+00,1.035472631454467773e+00,9.730949401855468750e-01,1.094811677932739258e+00,1.001935005187988281e+00,8.843079805374145508e-01,1.234958171844482422e+00,9.453582763671875000e-01,8.600596189498901367e-01,1.250725865364074707e+00,1.159048557281494141e+00,1.192792534828186035e+00,1.190410256385803223e+00,1.098552823066711426e+00,9.912245273590087891e-01,1.001621365547180176e+00,1.053939461708068848e+00,8.006422519683837891e-01,9.189098477363586426e-01,9.309048056602478027e-01,8.877614140510559082e-01,8.938394188880920410e-01,1.073451280593872070e+00,8.993249535560607910e-01,1.060934066772460938e+00,8.849163055419921875e-01,9.071585536003112793e-01,9.508701562881469727e-01,9.187307357788085938e-01,1.023603796958923340e+00,1.102962136268615723e+00,8.058645725250244141e-01,8.666802048683166504e-01,1.045732259750366211e+00,1.180272698402404785e+00,1.143443465232849121e+00,1.164645433425903320e+00,1.016643643379211426e+00,8.840808868408203125e-01,8.960449695587158203e-01,1.076013207435607910e+00,1.385495543479919434e+00,1.078862071037292480e+00,9.374291300773620605e-01,1.146268486976623535e+00,9.015114307403564453e-01,9.374366402626037598e-01,9.000341296195983887e-01,8.700398206710815430e-01,7.289724946022033691e-01,9.434306025505065918e-01,0.000000000000000000e+00
9.445593953132629395e-01,1.108980774879455566e+00,8.787118196487426758e-01,7.802768945693969727e-01,9.616600871086120605e-01,1.303560137748718262e+00,1.225517630577087402e+00,nan,1.091089844703674316e+00,1.106482863426208496e+00,9.424283504486083984e-01,8.886162042617797852e-01,9.412824511528015137e-01,1.078274130821228027e+00,1.255231618881225586e+00,1.410624742507934570e+00,1.193068981170654297e+00,1.177203536033630371e+00,1.267505884170532227e+00,1.284682035446166992e+00,1.186222791671752930e+00,1.008771061897277832e+00,1.074667215347290039e+00,1.014948606491088867e+00,1.099808812141418457e+00,1.380075454711914062e+00,1.737469434738159180e+00,1.082109928131103516e+00,1.087452769279479980e+00,1.126759290695190430e+00,1.160095214843750000e+00,1.196203827857971191e+00,1.199253916740417480e+00,1.116924762725830078e+00,1.105524539947509766e+00,1.042945384979248047e+00,1.030038237571716309e+00,1.235733151435852051e+00,1.347942233085632324e+00,1.166477680206298828e+00,1.295665860176086426e+00,1.321881890296936035e+00,1.092392444610595703e+00,1.139141559600830078e+00,1.165371775627136230e+00,1.054504871368408203e+00,1.186759591102600098e+00,1.086437106132507324e+00,1.049764037132263184e+00,1.218669295310974121e+00,1.277816772460937500e+00,1.181510806083679199e+00,1.088462829589843750e+00,1.302490592002868652e+00,1.103772640228271484e+00,9.534665942192077637e-01,1.141520619392395020e+00,1.013479590415954590e+00,1.064835786819458008e+00,9.686092138290405273e-01,1.079481959342956543e+00,9.422857165336608887e-01,1.075650453567504883e+00,1.013997316360473633e+00,1.137129068374633789e+00,1.068452000617980957e+00,1.082383632659912109e+00,1.098027586936950684e+00,1.061411857604980469e+00,1.054273605346679688e+00,9.194959998130798340e-01,1.139004707336425781e+00,1.026306629180908203e+00,8.998313546180725098e-01,8.827610015869140625e-01,1.110279798507690430e+00,9.887904524803161621e-01,9.196392297744750977e-01,8.903988003730773926e-01,1.054808020591735840e+00,1.108199000358581543e+00,1.026299953460693359e+00,1.025737524032592773e+00,9.550965428352355957e-01,8.589280247688293457e-01,1.143204569816589355e+00,9.570550918579101562e-01,1.080234169960021973e+00,1.083466529846191406e+00,7.122571468353271484e-01,1.186857104301452637e+00,1.288007855415344238e+00,1.340707421302795410e+00,8.720096349716186523e-01,9.495944380760192871e-01,1.044772028923034668e+00,1.238184571266174316e+00,1.015996813774108887e+00,9.118686318397521973e-01,1.025445938110351562e+00,1.018354654312133789e+00,1.024771332740783691e+00,1.143070936203002930e+00,1.044020414352416992e+00,1.027459621429443359e+00,9.644801616668701172e-01,8.897610306739807129e-01,1.111990213394165039e+00,1.073798179626464844e+00,9.880214929580688477e-01,8.736894130706787109e-01,9.674915671348571777e-01,9.101872444152832031e-01,1.197880744934082031e+00,9.363619089126586914e-01,6.915628314018249512e-01,1.032912850379943848e+00,1.179554462432861328e+00,1.189650535583496094e+00,1.098545432090759277e+00,9.657573103904724121e-01,9.947703480720520020e-01,9.637131094932556152e-01,1.031248450279235840e+00,9.626505374908447266e-01,9.855284094810485840e-01,9.266857504844665527e-01,1.244444251060485840e+00,8.929132223129272461e-01,1.052124261856079102e+00,8.703847527503967285e-01,9.321233630180358887e-01,1.075675010681152344e+00,9.223362803459167480e-01,9.270109534263610840e-01,8.889959454536437988e-01,8.782640695571899414e-01,1.037525177001953125e+00,1.014778494834899902e+00,1.051379442214965820e+00,1.036111474037170410e+00,1.038156270980834961e+00,8.903377652168273926e-01,1.111407041549682617e+00,1.177195310592651367e+00,1.037836194038391113e+00,1.042357206344604492e+00,9.783779382705688477e-01,8.961973786354064941e-01,1.002703785896301270e+00,1.218445301055908203e+00,1.168603658676147461e+00,1.155789852142333984e+00,1.092618584632873535e+00,1.154167413711547852e+00,8.381097316741943359e-01,6.283853054046630859e-01,0.000000000000000000e+00
9.385581612586975098e-01,1.133700013160705566e+00,9.058964252471923828e-01,8.672667145729064941e-01,1.068511843681335449e+00,6.739567518234252930e-01,8.720871806144714355e-01,8.558844923973083496e-01,1.066747307777404785e+00,1.069921016693115234e+00,9.088630080223083496e-01,1.000163674354553223e+00,9.684944748878479004e-01,1.005921959877014160e+00,1.069811820983886719e+00,1.176954746246337891e+00,1.027764797210693359e+00,1.017122149467468262e+00,1.118462562561035156e+00,1.110030055046081543e+00,9.207012057304382324e-01,9.672434329986572266e-01,1.005206465721130371e+00,9.956872463226318359e-01,1.049895763397216797e+00,7.694737315177917480e-01,8.368430733680725098e-01,1.106585621833801270e+00,1.100746273994445801e+00,1.176431536674499512e+00,1.210293889045715332e+00,1.177476048469543457e+00,1.134778380393981934e+00,9.817787408828735352e-01,1.002948522567749023e+00,1.075796127319335938e+00,1.126877427101135254e+00,9.142676591873168945e-01,9.201116561889648438e-01,1.087640285491943359e+00,1.006747603416442871e+00,9.969897866249084473e-01,1.035573363304138184e+00,1.056678891181945801e+00,1.117540717124938965e+00,1.112447023391723633e+00,1.109791636466979980e+00,1.150687813758850098e+00,1.005035519599914551e+00,1.280202746391296387e+00,1.040903806686401367e+00,1.082720875740051270e+00,1.122382879257202148e+00,1.100478291511535645e+00,1.205355405807495117e+00,9.202167391777038574e-01,1.254973769187927246e+00,1.217468619346618652e+00,1.245801687240600586e+00,1.368000268936157227e+00,1.306820869445800781e+00,1.303080677986145020e+00,1.366700053215026855e+00,1.015675544738769531e+00,1.305043816566467285e+00,1.015551209449768066e+00,1.180975914001464844e+00,8.965589404106140137e-01,7.681784629821777344e-01,1.151761054992675781e+00,1.124545693397521973e+00,8.512345552444458008e-01,9.268624186515808105e-01,9.804663062095642090e-01,1.012071013450622559e+00,1.225709080696105957e+00,1.118530750274658203e+00,9.327880144119262695e-01,9.191724061965942383e-01,1.131678700447082520e+00,1.019992828369140625e+00,1.047661423683166504e+00,1.133475184440612793e+00,1.043744564056396484e+00,1.087899684906005859e+00,8.978549242019653320e-01,9.932038784027099609e-01,8.999509811401367188e-01,9.451695680618286133e-01,1.051361083984375000e+00,1.020417809486389160e+00,1.186682462692260742e+00,1.153047084808349609e+00,8.683661222457885742e-01,8.984967470169067383e-01,1.177963256835937500e+00,1.113301992416381836e+00,1.221072435379028320e+00,1.012478709220886230e+00,9.870381355285644531e-01,1.048099875450134277e+00,1.245519280433654785e+00,1.181682348251342773e+00,1.167768597602844238e+00,1.211895704269409180e+00,1.075389981269836426e+00,1.103792071342468262e+00,1.074995517730712891e+00,1.125704169273376465e+00,1.082934260368347168e+00,8.035926818847656250e-01,9.187807440757751465e-01,9.938784241676330566e-01,1.057447195053100586e+00,1.053056120872497559e+00,9.778208732604980469e-01,9.472036957740783691e-01,1.074212551116943359e+00,9.907633066177368164e-01,9.950332045555114746e-01,9.999752044677734375e-01,9.006417989730834961e-01,9.888024330139160156e-01,1.299597978591918945e+00,1.315610170364379883e+00,8.116787672042846680e-01,8.923204541206359863e-01,1.352129220962524414e+00,1.249383211135864258e+00,9.867532849311828613e-01,9.825222492218017578e-01,1.146468162536621094e+00,1.187126636505126953e+00,1.115907669067382812e+00,1.080767154693603516e+00,1.021456122398376465e+00,7.724980115890502930e-01,1.034293413162231445e+00,1.090465545654296875e+00,1.128069519996643066e+00,1.275994658470153809e+00,9.079135060310363770e-01,9.837756752967834473e-01,1.388506412506103516e+00,1.082488179206848145e+00,1.236672639846801758e+00,9.085017442703247070e-01,1.450174212455749512e+00,1.343129158020019531e+00,1.168902158737182617e+00,1.181240558624267578e+00,9.849061965942382812e-01,1.210491657257080078e+00,7.896307706832885742e-01,7.167875766754150391e-01,8.195196390151977539e-01,8.657055497169494629e-01,0.000000000000000000e+00
9.991129636764526367e-01,1.063021302223205566e+00,1.029838442802429199e+00,1.125892400741577148e+00,9.617341756820678711e-01,5.445090532302856445e-01,9.205281734466552734e-01,nan,9.817761778831481934e-01,1.035328269004821777e+00,1.014017701148986816e+00,1.004060149192810059e+00,1.021103739738464355e+00,9.987075924873352051e-01,7.878304123878479004e-01,7.613512873649597168e-01,9.822965860366821289e-01,9.646877646446228027e-01,1.088664054870605469e+00,1.132729887962341309e+00,9.684299230575561523e-01,9.358869791030883789e-01,1.004297852516174316e+00,9.056026339530944824e-01,1.069069266319274902e+00,3.497505784034729004e-01,3.392530083656311035e-01,1.012473702430725098e+00,1.007181763648986816e+00,9.833596944808959961e-01,9.600620865821838379e-01,9.694209098815917969e-01,1.014132499694824219e+00,9.559381604194641113e-01,9.852881431579589844e-01,1.031932592391967773e+00,1.127511978149414062e+00,7.486131191253662109e-01,6.765003800392150879e-01,1.068691253662109375e+00,8.569080829620361328e-01,9.158856272697448730e-01,1.061915397644042969e+00,9.590252637863159180e-01,1.084755539894104004e+00,9.534933567047119141e-01,1.187559723854064941e+00,1.120884656906127930e+00,1.178616285324096680e+00,1.164000988006591797e+00,1.114721179008483887e+00,1.109477043151855469e+00,9.581180810928344727e-01,1.061229228973388672e+00,1.158405423164367676e+00,1.159821867942810059e+00,1.051240682601928711e+00,1.019515872001647949e+00,1.072847723960876465e+00,1.111953854560852051e+00,8.988683223724365234e-01,9.223714470863342285e-01,1.063942790031433105e+00,1.241943717002868652e+00,1.018980145454406738e+00,1.114930391311645508e+00,7.020307779312133789e-01,1.177486538887023926e+00,1.017360329627990723e+00,1.116885900497436523e+00,1.022233605384826660e+00,1.130355119705200195e+00,1.001041293144226074e+00,9.718853831291198730e-01,9.578298926353454590e-01,9.836730360984802246e-01,9.851544499397277832e-01,7.624288201332092285e-01,8.697086572647094727e-01,8.714971542358398438e-01,9.924219846725463867e-01,9.323801994323730469e-01,9.293189048767089844e-01,1.308233618736267090e+00,1.433122158050537109e+00,9.216710925102233887e-01,9.955230355262756348e-01,9.680677056312561035e-01,1.105130195617675781e+00,1.227208733558654785e+00,1.221097946166992188e+00,1.166361212730407715e+00,1.044143795967102051e+00,8.591225147247314453e-01,1.051742315292358398e+00,8.952670693397521973e-01,9.841302037239074707e-01,6.920619010925292969e-01,8.868473768234252930e-01,9.594552516937255859e-01,8.885930776596069336e-01,1.292748332023620605e+00,1.600985288619995117e+00,1.163635730743408203e+00,1.177198767662048340e+00,9.225146174430847168e-01,1.032279968261718750e+00,1.013483166694641113e+00,8.117216825485229492e-01,1.166623353958129883e+00,1.053085565567016602e+00,1.218721508979797363e+00,9.810528755187988281e-01,7.279092073440551758e-01,8.636763095855712891e-01,1.092254519462585449e+00,1.186997890472412109e+00,1.076223373413085938e+00,1.215909600257873535e+00,9.527161121368408203e-01,9.239768385887145996e-01,1.066246509552001953e+00,1.029734015464782715e+00,1.167388916015625000e+00,1.147916197776794434e+00,1.214861035346984863e+00,1.435345768928527832e+00,9.231055378913879395e-01,8.349925279617309570e-01,9.502173662185668945e-01,1.033892154693603516e+00,1.161142468452453613e+00,1.064161419868469238e+00,9.988244771957397461e-01,8.976522684097290039e-01,9.884868264198303223e-01,1.260699152946472168e+00,9.592444300651550293e-01,9.964829087257385254e-01,1.140123367309570312e+00,1.186773061752319336e+00,1.195839285850524902e+00,1.214054942131042480e+00,7.507776618003845215e-01,8.640137314796447754e-01,9.777862429618835449e-01,1.167901754379272461e+00,1.273395419120788574e+00,1.007352709770202637e+00,9.470532536506652832e-01,1.087011098861694336e+00,1.082834243774414062e+00,9.944752454757690430e-01,1.360310554504394531e+00,9.975153803825378418e-01,1.160626649856567383e+00,1.203004240989685059e+00,0.000000000000000000e+00
9.728655219078063965e-01,1.092191696166992188e+00,1.041669487953186035e+00,1.083313345909118652e+00,9.446316361427307129e-01,6.457234621047973633e-01,9.556338787078857422e-01,7.282232046127319336e-01,1.105996489524841309e+00,9.885336756706237793e-01,9.586019515991210938e-01,9.512193202972412109e-01,9.204264283180236816e-01,1.003429651260375977e+00,1.021779656410217285e+00,1.135549545288085938e+00,1.047659635543823242e+00,1.047886967658996582e+00,1.245730280876159668e+00,1.233121156692504883e+00,8.849780559539794922e-01,8.320810794830322266e-01,8.699729442596435547e-01,5.597982406616210938e-01,6.816903352737426758e-01,4.064014554023742676e-01,5.962141156196594238e-01,1.039597868919372559e+00,1.015988469123840332e+00,1.173459172248840332e+00,1.114323139190673828e+00,1.351581811904907227e+00,1.337388992309570312e+00,1.025248765945434570e+00,9.914839863777160645e-01,1.040208935737609863e+00,9.368964433670043945e-01,6.161946654319763184e-01,7.284568548202514648e-01,9.641267061233520508e-01,7.524563074111938477e-01,1.162933230400085449e+00,9.607117772102355957e-01,1.094013571739196777e+00,9.269313812255859375e-01,1.014890789985656738e+00,1.168246984481811523e+00,1.070128798484802246e+00,8.968092799186706543e-01,1.023917317390441895e+00,9.592747688293457031e-01,8.501653671264648438e-01,9.874870777130126953e-01,9.600218534469604492e-01,1.029517054557800293e+00,8.760347366333007812e-01,8.987879753112792969e-01,1.143224716186523438e+00,1.089318156242370605e+00,8.265214562416076660e-01,8.139305710792541504e-01,1.116986632347106934e+00,1.100539684295654297e+00,9.839955568313598633e-01,1.131156682968139648e+00,1.236400365829467773e+00,1.294346809387207031e+00,6.807268857955932617e-01,8.095726966857910156e-01,9.953488111495971680e-01,9.334350228309631348e-01,8.727831244468688965e-01,8.078401684761047363e-01,9.013095498085021973e-01,8.744941353797912598e-01,1.060028672218322754e+00,8.996614217758178711e-01,7.935108542442321777e-01,8.910512924194335938e-01,9.708663225173950195e-01,9.698001742362976074e-01,1.082471847534179688e+00,1.013361454010009766e+00,9.952041506767272949e-01,1.546556234359741211e+00,9.354870915412902832e-01,9.927225708961486816e-01,9.469067454338073730e-01,9.788489341735839844e-01,1.288750886917114258e+00,1.361390948295593262e+00,1.238091826438903809e+00,1.014609217643737793e+00,8.988901972770690918e-01,1.021951675415039062e+00,1.050831437110900879e+00,9.681856632232666016e-01,1.207040429115295410e+00,1.109770774841308594e+00,1.039427638053894043e+00,1.018140912055969238e+00,1.009366869926452637e+00,1.064127922058105469e+00,1.177992224693298340e+00,1.164600133895874023e+00,1.213689923286437988e+00,1.079013943672180176e+00,9.916824102401733398e-01,1.020105838775634766e+00,9.414072632789611816e-01,1.458997130393981934e+00,1.210615277290344238e+00,1.056731104850769043e+00,1.002600073814392090e+00,1.015983104705810547e+00,9.881320595741271973e-01,1.472777009010314941e+00,1.287536978721618652e+00,1.139191031455993652e+00,1.139958620071411133e+00,1.068620920181274414e+00,9.365129470825195312e-01,9.102892875671386719e-01,8.450300693511962891e-01,9.538108706474304199e-01,6.432679891586303711e-01,7.938979864120483398e-01,9.462127089500427246e-01,9.167449474334716797e-01,1.080721616744995117e+00,1.172291755676269531e+00,9.007853269577026367e-01,9.029170870780944824e-01,1.024930834770202637e+00,9.870268702507019043e-01,7.353575825691223145e-01,3.929258882999420166e-01,9.130729436874389648e-01,8.634189367294311523e-01,1.197608590126037598e+00,1.371570825576782227e+00,9.023624062538146973e-01,9.712502360343933105e-01,1.237357020378112793e+00,1.046019792556762695e+00,9.426386952400207520e-01,8.262566328048706055e-01,9.156314134597778320e-01,7.374585270881652832e-01,1.061788916587829590e+00,1.070508003234863281e+00,9.278752207756042480e-01,8.589439988136291504e-01,1.137276053428649902e+00,1.143305778503417969e+00,7.789276838302612305e-01,8.886675238609313965e-01,1.000000000000000000e+00
1.005602478981018066e+00,9.331797957420349121e-01,8.181068301200866699e-01,8.271030187606811523e-01,9.026666283607482910e-01,1.382443785667419434e+00,1.246472358703613281e+00,8.441480398178100586e-01,1.339082837104797363e+00,1.538263559341430664e+00,1.088958382606506348e+00,1.274075627326965332e+00,8.214376568794250488e-01,1.042600274085998535e+00,1.131501674652099609e+00,1.146621584892272949e+00,1.263124465942382812e+00,1.261289834976196289e+00,9.733766913414001465e-01,1.067557811737060547e+00,2.177468538284301758e+00,1.204090118408203125e+00,1.302083730697631836e+00,1.211840629577636719e+00,1.136947512626647949e+00,8.310720920562744141e-01,6.237765550613403320e-01,1.073383331298828125e+00,1.055396795272827148e+00,1.334911704063415527e+00,1.356548428535461426e+00,1.333424925804138184e+00,1.303217768669128418e+00,9.859998822212219238e-01,9.974263310432434082e-01,1.271696090698242188e+00,1.194823741912841797e+00,9.101936221122741699e-01,8.348014354705810547e-01,1.582365512847900391e+00,1.254823088645935059e+00,1.329451441764831543e+00,1.336595416069030762e+00,1.351108789443969727e+00,1.079141139984130859e+00,8.483640551567077637e-01,1.151851415634155273e+00,1.389366984367370605e+00,1.343678832054138184e+00,1.327569246292114258e+00,1.063095569610595703e+00,1.191699266433715820e+00,8.708093166351318359e-01,1.185714125633239746e+00,1.405938506126403809e+00,1.724524140357971191e+00,1.471995234489440918e+00,1.330761313438415527e+00,1.254459857940673828e+00,1.464147686958312988e+00,1.431457042694091797e+00,1.506111979484558105e+00,1.531587600708007812e+00,1.281586647033691406e+00,1.714095234870910645e+00,1.185740232467651367e+00,1.065653681755065918e+00,1.064169883728027344e+00,1.386370062828063965e+00,1.256981253623962402e+00,1.540819644927978516e+00,9.886106252670288086e-01,1.120316624641418457e+00,1.015479207038879395e+00,1.233235001564025879e+00,1.776976704597473145e+00,1.690868377685546875e+00,1.157294631004333496e+00,1.011500000953674316e+00,1.096821546554565430e+00,1.264499306678771973e+00,1.099203944206237793e+00,1.096089243888854980e+00,1.087590575218200684e+00,8.837774991989135742e-01,1.084537386894226074e+00,1.137925624847412109e+00,1.373433470726013184e+00,1.296646475791931152e+00,1.128915429115295410e+00,1.939275383949279785e+00,1.380521297454833984e+00,1.439827680587768555e+00,1.237694740295410156e+00,1.173741817474365234e+00,1.065164208412170410e+00,1.094063878059387207e+00,1.292357921600341797e+00,7.221940755844116211e-01,1.182181835174560547e+00,1.212772488594055176e+00,9.655205011367797852e-01,9.579614996910095215e-01,1.142971038818359375e+00,1.179982066154479980e+00,9.840086698532104492e-01,9.669514298439025879e-01,1.465862751007080078e+00,1.336734652519226074e+00,7.800576686859130859e-01,4.147894978523254395e-01,1.315769076347351074e+00,1.318739891052246094e+00,1.499380707740783691e+00,1.321060299873352051e+00,1.433748126029968262e+00,1.763656854629516602e+00,1.224593877792358398e+00,1.411638736724853516e+00,1.386804938316345215e+00,1.216317653656005859e+00,1.083207607269287109e+00,1.293487668037414551e+00,1.333720922470092773e+00,1.274403333663940430e+00,1.033628821372985840e+00,1.262724757194519043e+00,1.164084315299987793e+00,1.039984107017517090e+00,1.406393527984619141e+00,1.607048869132995605e+00,1.214747428894042969e+00,1.143564939498901367e+00,1.056896924972534180e+00,1.013733983039855957e+00,1.080330967903137207e+00,1.135475039482116699e+00,1.628616452217102051e+00,1.673959016799926758e+00,9.683941006660461426e-01,1.097901463508605957e+00,9.841665625572204590e-01,1.168846130371093750e+00,1.051114797592163086e+00,9.345746636390686035e-01,1.350788354873657227e+00,1.140124082565307617e+00,1.484122872352600098e+00,1.083602070808410645e+00,1.288015723228454590e+00,1.257893204689025879e+00,1.191636323928833008e+00,1.407834053039550781e+00,1.288543462753295898e+00,1.369475603103637695e+00,1.140252590179443359e+00,1.358872294425964355e+00,1.000000000000000000e+00
9.839436411857604980e-01,1.182208538055419922e+00,8.690754175186157227e-01,9.098878502845764160e-01,9.151651859283447266e-01,9.871688485145568848e-01,1.298768639564514160e+00,1.151835441589355469e+00,9.738636016845703125e-01,9.582490324974060059e-01,9.535990357398986816e-01,8.419950008392333984e-01,1.050064802169799805e+00,1.058434367179870605e+00,8.985149860382080078e-01,9.244433045387268066e-01,1.036444902420043945e+00,1.039623975753784180e+00,1.299014687538146973e+00,1.314892172813415527e+00,8.213368058204650879e-01,1.038314461708068848e+00,9.997487664222717285e-01,1.075937032699584961e+00,1.052743554115295410e+00,8.870912194252014160e-01,8.627172708511352539e-01,1.049095988273620605e+00,1.026475548744201660e+00,9.585432410240173340e-01,8.900853991508483887e-01,1.089601159095764160e+00,1.100718379020690918e+00,1.144576191902160645e+00,1.103829503059387207e+00,1.084755420684814453e+00,9.750952124595642090e-01,1.050082564353942871e+00,1.005291700363159180e+00,1.029556870460510254e+00,8.298955559730529785e-01,1.113050341606140137e+00,1.043058872222900391e+00,1.084589362144470215e+00,1.171361565589904785e+00,1.080410957336425781e+00,1.090665102005004883e+00,1.146487116813659668e+00,1.257083058357238770e+00,1.231137037277221680e+00,1.057374358177185059e+00,1.142754673957824707e+00,1.090933561325073242e+00,1.045536637306213379e+00,1.220375418663024902e+00,1.185977935791015625e+00,1.184966802597045898e+00,1.000401496887207031e+00,9.508111476898193359e-01,9.993293285369873047e-01,9.895274043083190918e-01,8.623025417327880859e-01,8.760457038879394531e-01,1.257243156433105469e+00,1.267695665359497070e+00,7.153055667877197266e-01,8.331117033958435059e-01,1.084909319877624512e+00,1.201329350471496582e+00,8.875081539154052734e-01,9.671680927276611328e-01,1.036433577537536621e+00,9.018669724464416504e-01,9.109119772911071777e-01,8.466523289680480957e-01,8.117106556892395020e-01,7.347028255462646484e-01,1.304922819137573242e+00,8.564832210540771484e-01,1.035116076469421387e+00,1.054158568382263184e+00,9.494043588638305664e-01,9.437270760536193848e-01,1.071856498718261719e+00,1.048807382583618164e+00,9.307320713996887207e-01,9.983918070793151855e-01,9.303430914878845215e-01,1.075797557830810547e+00,9.397801756858825684e-01,1.139342427253723145e+00,8.458678126335144043e-01,8.762305378913879395e-01,8.772849440574645996e-01,8.763474225997924805e-01,1.000559926033020020e+00,1.041732668876647949e+00,8.129990696907043457e-01,9.918612837791442871e-01,9.701759815216064453e-01,1.061053156852722168e+00,9.739130139350891113e-01,7.574092745780944824e-01,1.047912359237670898e+00,1.080782175064086914e+00,1.017854571342468262e+00,8.350932002067565918e-01,9.127426147460937500e-01,8.450901508331298828e-01,9.936527013778686523e-01,1.278574705123901367e+00,1.201493859291076660e+00,9.458895325660705566e-01,8.695098161697387695e-01,9.876312613487243652e-01,7.449664473533630371e-01,1.216201543807983398e+00,1.042233347892761230e+00,9.657926559448242188e-01,1.035209059715270996e+00,9.817460775375366211e-01,9.056679010391235352e-01,9.618577361106872559e-01,9.450579285621643066e-01,1.049717903137207031e+00,1.061513543128967285e+00,1.053912281990051270e+00,9.827461838722229004e-01,8.952162861824035645e-01,9.612491726875305176e-01,1.127934575080871582e+00,9.704546928405761719e-01,1.014906525611877441e+00,8.632030487060546875e-01,9.962565302848815918e-01,1.185086965560913086e+00,1.127643585205078125e+00,8.769386410713195801e-01,9.513725638389587402e-01,1.105764508247375488e+00,1.083157181739807129e+00,9.780068397521972656e-01,1.035338640213012695e+00,8.600889444351196289e-01,7.739397883415222168e-01,9.744666218757629395e-01,8.545660972595214844e-01,1.148226380348205566e+00,1.062592267990112305e+00,1.026425719261169434e+00,8.789716958999633789e-01,8.343774080276489258e-01,8.940322995185852051e-01,7.308005094528198242e-01,7.738753557205200195e-01,9.757101535797119141e-01,1.073592424392700195e+00,0.000000000000000000e+00
9.624343514442443848e-01,1.049289703369140625e+00,9.512262344360351562e-01,7.966549992561340332e-01,1.008947849273681641e+00,1.086564064025878906e+00,1.100898146629333496e+00,nan,1.125871419906616211e+00,1.117361307144165039e+00,1.055542945861816406e+00,9.941914677619934082e-01,9.905027747154235840e-01,1.037333965301513672e+00,1.043832421302795410e+00,1.042202949523925781e+00,1.077594876289367676e+00,1.101133465766906738e+00,1.371863245964050293e+00,1.379720449447631836e+00,9.636722207069396973e-01,1.094227075576782227e+00,1.065227508544921875e+00,1.188914418220520020e+00,1.149067878723144531e+00,8.736305236816406250e-01,9.264092445373535156e-01,1.094480633735656738e+00,1.067758440971374512e+00,1.030539751052856445e+00,1.018526792526245117e+00,1.129826426506042480e+00,1.129390358924865723e+00,1.142034053802490234e+00,1.108680367469787598e+00,9.962432980537414551e-01,9.746113419532775879e-01,1.081742405891418457e+00,1.091016411781311035e+00,1.002087593078613281e+00,8.650525212287902832e-01,1.170704603195190430e+00,1.120929598808288574e+00,1.074804306030273438e+00,1.189223408699035645e+00,1.067143678665161133e+00,1.253937721252441406e+00,1.200433850288391113e+00,1.231469154357910156e+00,1.145174622535705566e+00,1.189957022666931152e+00,1.117201447486877441e+00,1.109073042869567871e+00,1.057698488235473633e+00,1.210048556327819824e+00,1.225832700729370117e+00,1.174189329147338867e+00,9.545026421546936035e-01,1.015780925750732422e+00,1.038098216056823730e+00,9.931308031082153320e-01,1.086993575096130371e+00,1.238617300987243652e+00,1.082775592803955078e+00,1.098450422286987305e+00,7.532109618186950684e-01,9.495444297790527344e-01,1.142300605773925781e+00,1.133625030517578125e+00,8.777757883071899414e-01,8.420454263687133789e-01,1.044226765632629395e+00,8.617175817489624023e-01,1.009765625000000000e+00,1.017002940177917480e+00,1.331631422042846680e+00,1.143136858940124512e+00,1.165703535079956055e+00,8.096159100532531738e-01,9.508347511291503906e-01,1.121343135833740234e+00,9.353069663047790527e-01,9.003716111183166504e-01,1.059485793113708496e+00,1.036198735237121582e+00,8.770150542259216309e-01,1.013416767120361328e+00,8.804320096969604492e-01,8.970407247543334961e-01,1.094829678535461426e+00,1.109435915946960449e+00,1.169817924499511719e+00,9.425518512725830078e-01,9.800595641136169434e-01,8.662472367286682129e-01,1.188819408416748047e+00,9.957234859466552734e-01,1.072410106658935547e+00,1.019287228584289551e+00,9.816001057624816895e-01,1.003248095512390137e+00,8.968430161476135254e-01,1.124954938888549805e+00,1.073255777359008789e+00,1.030508041381835938e+00,8.863664269447326660e-01,1.029873967170715332e+00,1.023869991302490234e+00,8.232393264770507812e-01,9.162913560867309570e-01,1.100928306579589844e+00,9.772084355354309082e-01,9.117608666419982910e-01,1.280188918113708496e+00,1.166361093521118164e+00,9.313794374465942383e-01,1.272715330123901367e+00,1.176210045814514160e+00,1.181639909744262695e+00,1.048678636550903320e+00,1.086182832717895508e+00,1.036856770515441895e+00,1.004382014274597168e+00,8.725053668022155762e-01,8.397125005722045898e-01,1.147700428962707520e+00,1.012969017028808594e+00,9.659081697463989258e-01,1.144274234771728516e+00,1.182862281799316406e+00,1.246166706085205078e+00,8.938965797424316406e-01,8.222090601921081543e-01,9.596504569053649902e-01,1.122044920921325684e+00,1.013787746429443359e+00,1.055748581886291504e+00,1.056048154830932617e+00,1.058817386627197266e+00,1.169370174407958984e+00,1.315888524055480957e+00,9.469642043113708496e-01,1.125882267951965332e+00,1.006473779678344727e+00,8.773743510246276855e-01,1.320103645324707031e+00,1.279225349426269531e+00,8.664244413375854492e-01,8.212272524833679199e-01,8.970354199409484863e-01,9.337101578712463379e-01,1.064587473869323730e+00,8.017024397850036621e-01,1.058651447296142578e+00,1.315244197845458984e+00,9.988602995872497559e-01,9.855798482894897461e-01,0.000000000000000000e+00
9.510139226913452148e-01,1.058211922645568848e+00,9.425101876258850098e-01,8.882928490638732910e-01,9.567151069641113281e-01,7.654148340225219727e-01,8.251998424530029297e-01,nan,1.104367733001708984e+00,9.779671430587768555e-01,1.218885660171508789e+00,1.116282224655151367e+00,1.019290924072265625e+00,1.011708617210388184e+00,1.063726425170898438e+00,9.899091124534606934e-01,9.301210641860961914e-01,9.231148958206176758e-01,1.144037961959838867e+00,1.169782996177673340e+00,7.522275447845458984e-01,1.092955350875854492e+00,1.131578087806701660e+00,1.416112303733825684e+00,1.310804605484008789e+00,5.591096282005310059e-01,6.700648665428161621e-01,1.144910454750061035e+00,1.092752456665039062e+00,1.270993590354919434e+00,1.166816711425781250e+00,1.148261666297912598e+00,1.135366201400756836e+00,9.864764213562011719e-01,9.835045933723449707e-01,1.207772970199584961e+00,1.219901204109191895e+00,9.364649653434753418e-01,9.492110013961791992e-01,9.580470919609069824e-01,1.076570749282836914e+00,1.083521485328674316e+00,9.807291030883789062e-01,1.022789716720581055e+00,1.303262233734130859e+00,1.153410434722900391e+00,1.190572500228881836e+00,1.345079779624938965e+00,1.427976131439208984e+00,1.321071505546569824e+00,1.093167066574096680e+00,1.228441476821899414e+00,1.167034506797790527e+00,1.295558810234069824e+00,1.292366743087768555e+00,1.375169754028320312e+00,1.284809112548828125e+00,1.198480963706970215e+00,1.154153227806091309e+00,1.198874354362487793e+00,1.216790914535522461e+00,1.121646285057067871e+00,1.156009912490844727e+00,1.141829013824462891e+00,1.362428426742553711e+00,8.890973925590515137e-01,1.109591722488403320e+00,1.659229874610900879e+00,1.663043856620788574e+00,9.388040304183959961e-01,1.148638725280761719e+00,1.238641977310180664e+00,1.108474612236022949e+00,1.138364791870117188e+00,9.832544922828674316e-01,1.365009665489196777e+00,1.263035893440246582e+00,1.316416025161743164e+00,9.842422008514404297e-01,1.025468111038208008e+00,1.074548244476318359e+00,1.064701914787292480e+00,1.040384292602539062e+00,1.257071018218994141e+00,1.149445652961730957e+00,1.118542313575744629e+00,1.227974653244018555e+00,1.112653255462646484e+00,1.168876051902770996e+00,9.702590703964233398e-01,1.107459425926208496e+00,1.099133849143981934e+00,1.213816881179809570e+00,1.116369605064392090e+00,1.042157053947448730e+00,1.274822354316711426e+00,1.073276758193969727e+00,1.094407320022583008e+00,1.194201588630676270e+00,9.564887881278991699e-01,1.140969157218933105e+00,1.035198330879211426e+00,8.768329620361328125e-01,1.311626195907592773e+00,1.142101526260375977e+00,1.002450704574584961e+00,8.479658365249633789e-01,1.118528723716735840e+00,1.078325867652893066e+00,9.003841876983642578e-01,9.853454232215881348e-01,1.131448149681091309e+00,8.795713782310485840e-01,1.158393740653991699e+00,1.014853477478027344e+00,1.329895973205566406e+00,1.275284290313720703e+00,1.125262975692749023e+00,1.242960572242736816e+00,1.190778493881225586e+00,1.121527671813964844e+00,1.006048083305358887e+00,9.828634262084960938e-01,1.092705249786376953e+00,1.164999008178710938e+00,1.366745829582214355e+00,1.174364328384399414e+00,1.122934460639953613e+00,1.064786434173583984e+00,9.588537812232971191e-01,9.362491369247436523e-01,1.051992774009704590e+00,1.145368099212646484e+00,1.211080551147460938e+00,1.130834221839904785e+00,1.299680948257446289e+00,1.149602651596069336e+00,1.039808869361877441e+00,9.425415396690368652e-01,1.082190990447998047e+00,1.135884165763854980e+00,1.154894351959228516e+00,1.273685336112976074e+00,1.231061935424804688e+00,1.078900814056396484e+00,9.668357968330383301e-01,9.463793635368347168e-01,1.092962741851806641e+00,1.213440895080566406e+00,1.242312073707580566e+00,1.021516561508178711e+00,1.120195031166076660e+00,1.087735533714294434e+00,1.143502235412597656e+00,1.065328836441040039e+00,8.999208211898803711e-01,1.139253854751586914e+00,0.000000000000000000e+00
9.132066369056701660e-01,1.231588244438171387e+00,9.115724563598632812e-01,9.520536661148071289e-01,7.869561314582824707e-01,5.731093287467956543e-01,1.168266296386718750e+00,1.172479867935180664e+00,9.907966256141662598e-01,1.045416474342346191e+00,9.494710564613342285e-01,1.030078768730163574e+00,1.139062404632568359e+00,1.088419556617736816e+00,9.241316914558410645e-01,9.682108163833618164e-01,1.206992030143737793e+00,1.158068418502807617e+00,1.084981083869934082e+00,1.119883060455322266e+00,9.578901529312133789e-01,1.076018095016479492e+00,1.032245993614196777e+00,1.039021492004394531e+00,9.634350538253784180e-01,4.253397285938262939e-01,4.487389028072357178e-01,9.646834731101989746e-01,9.678093194961547852e-01,1.063066482543945312e+00,1.110318899154663086e+00,1.298869013786315918e+00,1.359496235847473145e+00,1.072355866432189941e+00,1.053200602531433105e+00,1.032484650611877441e+00,9.979717731475830078e-01,7.964118123054504395e-01,7.910621166229248047e-01,1.063847184181213379e+00,1.059611439704895020e+00,1.214695572853088379e+00,9.533705711364746094e-01,9.881067276000976562e-01,1.095921635627746582e+00,1.067514657974243164e+00,1.135445117950439453e+00,1.296923637390136719e+00,1.243075609207153320e+00,1.241305947303771973e+00,9.958739876747131348e-01,1.113193869590759277e+00,1.064002513885498047e+00,1.167937278747558594e+00,1.416198968887329102e+00,1.283865571022033691e+00,1.286565542221069336e+00,9.172939658164978027e-01,1.015704035758972168e+00,1.002236723899841309e+00,9.640814661979675293e-01,8.616815209388732910e-01,9.409205913543701172e-01,1.041057944297790527e+00,1.037072896957397461e+00,1.132267832756042480e+00,1.388548612594604492e+00,1.393331646919250488e+00,1.541616678237915039e+00,7.879027128219604492e-01,9.080639481544494629e-01,1.178130030632019043e+00,1.075225353240966797e+00,9.342881441116333008e-01,8.566448092460632324e-01,9.259700775146484375e-01,1.013942480087280273e+00,8.541529178619384766e-01,9.902695417404174805e-01,1.068199992179870605e+00,1.083644032478332520e+00,9.068020582199096680e-01,9.056721925735473633e-01,9.530861973762512207e-01,1.336318850517272949e+00,1.101658940315246582e+00,1.225698947906494141e+00,1.166856884956359863e+00,1.121927380561828613e+00,9.708030819892883301e-01,1.003711342811584473e+00,9.276212453842163086e-01,9.305566549301147461e-01,6.900341510772705078e-01,6.814536452293395996e-01,1.068733572959899902e+00,1.147757649421691895e+00,1.107086896896362305e+00,1.049569725990295410e+00,9.796069264411926270e-01,1.107552647590637207e+00,8.616319894790649414e-01,9.267479181289672852e-01,8.975600600242614746e-01,8.726393580436706543e-01,7.851147055625915527e-01,7.997056245803833008e-01,1.080599546432495117e+00,1.111080884933471680e+00,1.347615718841552734e+00,1.048925042152404785e+00,1.159418582916259766e+00,1.391290426254272461e+00,8.530045747756958008e-01,1.197614431381225586e+00,1.096770882606506348e+00,8.483085036277770996e-01,1.142928600311279297e+00,1.188005685806274414e+00,1.288099288940429688e+00,1.168196201324462891e+00,1.066103816032409668e+00,9.966355562210083008e-01,8.555585741996765137e-01,9.025676250457763672e-01,9.389495253562927246e-01,8.335602879524230957e-01,9.072969555854797363e-01,1.051683068275451660e+00,9.922371506690979004e-01,1.132841229438781738e+00,7.779372930526733398e-01,9.467726349830627441e-01,9.266621470451354980e-01,9.455519914627075195e-01,7.943674325942993164e-01,8.907603025436401367e-01,7.173370122909545898e-01,7.798178195953369141e-01,8.295208215713500977e-01,1.089885354042053223e+00,9.430109858512878418e-01,1.289644122123718262e+00,1.212328553199768066e+00,1.202715516090393066e+00,1.094551920890808105e+00,8.829935193061828613e-01,1.037227511405944824e+00,9.432390332221984863e-01,1.037489175796508789e+00,1.108095884323120117e+00,1.002617239952087402e+00,8.936094045639038086e-01,1.329378485679626465e+00,1.015834927558898926e+00,8.674957752227783203e-01,1.045089006423950195e+00,1.000000000000000000e+00
1.025053977966308594e+00,1.029067397117614746e+00,8.910556435585021973e-01,9.343071579933166504e-01,8.022068142890930176e-01,1.337212562561035156e+00,1.670258283615112305e+00,6.090143322944641113e-01,1.203101992607116699e+00,1.219479084014892578e+00,7.680601477622985840e-01,9.123520851135253906e-01,7.985181808471679688e-01,1.047622442245483398e+00,9.688348174095153809e-01,1.053410291671752930e+00,1.001810908317565918e+00,9.713435173034667969e-01,7.454345226287841797e-01,8.453174829483032227e-01,1.512843847274780273e+00,9.653611183166503906e-01,9.378264546394348145e-01,1.073054313659667969e+00,1.082892298698425293e+00,6.870993971824645996e-01,5.695139765739440918e-01,9.078677296638488770e-01,9.177840948104858398e-01,1.190411448478698730e+00,1.233625888824462891e+00,1.318810582160949707e+00,1.182406544685363770e+00,7.894448041915893555e-01,8.550761342048645020e-01,1.054590940475463867e+00,1.177208423614501953e+00,7.050973773002624512e-01,6.969805359840393066e-01,1.797279715538024902e+00,9.596239328384399414e-01,1.046690940856933594e+00,1.270561456680297852e+00,1.240776777267456055e+00,1.089769005775451660e+00,7.188515067100524902e-01,1.220854759216308594e+00,1.168978214263916016e+00,9.624380469322204590e-01,1.252544403076171875e+00,9.595813751220703125e-01,1.310027122497558594e+00,7.921411991119384766e-01,1.085528016090393066e+00,1.243105411529541016e+00,1.235865354537963867e+00,1.461063504219055176e+00,9.971359372138977051e-01,1.147768497467041016e+00,8.737828135490417480e-01,9.631825685501098633e-01,9.770219326019287109e-01,1.103739976882934570e+00,8.460372090339660645e-01,9.204612970352172852e-01,1.163087964057922363e+00,1.240330696105957031e+00,8.003758788108825684e-01,8.720971941947937012e-01,9.598357677459716797e-01,1.152893185615539551e+00,9.949707388877868652e-01,1.110365271568298340e+00,8.450980186462402344e-01,7.763492465019226074e-01,1.036454081535339355e+00,1.221931576728820801e+00,9.567836523056030273e-01,1.072698235511779785e+00,1.177098751068115234e+00,1.243621349334716797e+00,1.242649078369140625e+00,1.210264086723327637e+00,1.038553476333618164e+00,8.526227474212646484e-01,1.163729310035705566e+00,1.424039363861083984e+00,1.182300686836242676e+00,1.058066844940185547e+00,7.587515711784362793e-01,9.636517167091369629e-01,1.485042691230773926e+00,1.249100923538208008e+00,1.029242992401123047e+00,1.106749773025512695e+00,9.934974312782287598e-01,9.764835238456726074e-01,8.617014884948730469e-01,1.070753931999206543e+00,1.052473187446594238e+00,9.930921196937561035e-01,1.484166026115417480e+00,1.243758559226989746e+00,1.327817916870117188e+00,1.111726284027099609e+00,1.138317942619323730e+00,1.194107890129089355e+00,1.065836787223815918e+00,1.246824741363525391e+00,7.763343453407287598e-01,4.996474087238311768e-01,1.151312232017517090e+00,9.883102178573608398e-01,9.384166598320007324e-01,1.168315172195434570e+00,1.109684824943542480e+00,8.313593864440917969e-01,1.660611867904663086e+00,1.664335608482360840e+00,1.251900792121887207e+00,1.281033515930175781e+00,8.643966913223266602e-01,9.121350049972534180e-01,9.831833839416503906e-01,9.898725748062133789e-01,9.829636812210083008e-01,1.096691846847534180e+00,9.655387997627258301e-01,9.948964715003967285e-01,9.443098306655883789e-01,1.024942278861999512e+00,9.784864187240600586e-01,1.047485947608947754e+00,1.009748578071594238e+00,1.158879876136779785e+00,1.229388356208801270e+00,1.599668741226196289e+00,1.800871968269348145e+00,1.676236510276794434e+00,9.022042751312255859e-01,1.155061483383178711e+00,9.179710149765014648e-01,1.005755424499511719e+00,1.058651208877563477e+00,1.323317766189575195e+00,1.173095345497131348e+00,1.323470592498779297e+00,1.370020031929016113e+00,1.243318796157836914e+00,8.839362263679504395e-01,1.055476784706115723e+00,8.986244201660156250e-01,1.024967551231384277e+00,8.181467652320861816e-01,9.501091241836547852e-01,1.307833075523376465e+00,1.025170445442199707e+00,1.000000000000000000e+00
9.670256972312927246e-01,1.179022908210754395e+00,9.173852801322937012e-01,8.488126993179321289e-01,1.041231632232666016e+00,6.719298958778381348e-01,1.152813911437988281e+00,nan,9.934306740760803223e-01,1.112935781478881836e+00,1.193768620491027832e+00,1.180819988250732422e+00,1.132673859596252441e+00,1.015353918075561523e+00,9.608111977577209473e-01,9.537737965583801270e-01,1.172319054603576660e+00,1.110832929611206055e+00,1.257845282554626465e+00,1.254210352897644043e+00,7.123373150825500488e-01,1.134221315383911133e+00,1.109081268310546875e+00,1.468097090721130371e+00,1.281517982482910156e+00,7.317001223564147949e-01,6.774033308029174805e-01,1.003526926040649414e+00,1.017822861671447754e+00,1.042851924896240234e+00,1.040678620338439941e+00,1.059746265411376953e+00,1.059216022491455078e+00,1.037646889686584473e+00,1.052339434623718262e+00,1.133512258529663086e+00,1.080645799636840820e+00,9.202882647514343262e-01,8.949782848358154297e-01,1.132764697074890137e+00,1.152802109718322754e+00,1.005169034004211426e+00,1.049045443534851074e+00,1.003120183944702148e+00,1.068602919578552246e+00,1.053346276283264160e+00,9.059814214706420898e-01,1.111953854560852051e+00,9.972556829452514648e-01,1.044102430343627930e+00,9.537317156791687012e-01,1.043095350265502930e+00,1.073309302330017090e+00,1.071250319480895996e+00,1.112134456634521484e+00,1.001519083976745605e+00,1.129796385765075684e+00,1.034765481948852539e+00,1.072619199752807617e+00,8.810560107231140137e-01,1.063445210456848145e+00,1.039258718490600586e+00,1.085992217063903809e+00,1.105277538299560547e+00,1.108668804168701172e+00,8.330665230751037598e-01,8.348965644836425781e-01,9.704242348670959473e-01,1.054987549781799316e+00,1.085385560989379883e+00,1.122776031494140625e+00,8.932679295539855957e-01,9.340512752532958984e-01,1.085350513458251953e+00,1.032427668571472168e+00,1.217596530914306641e+00,1.008014082908630371e+00,1.307447910308837891e+00,1.028738379478454590e+00,1.022680640220642090e+00,9.139705896377563477e-01,8.841484189033508301e-01,9.005419015884399414e-01,9.463825821876525879e-01,7.253638505935668945e-01,1.111935496330261230e+00,1.083940744400024414e+00,9.812448620796203613e-01,9.112581014633178711e-01,7.869349718093872070e-01,9.297266006469726562e-01,9.357665181159973145e-01,1.070531725883483887e+00,9.578757286071777344e-01,9.545494318008422852e-01,1.142255187034606934e+00,1.196193337440490723e+00,7.764994502067565918e-01,8.551359772682189941e-01,9.965710639953613281e-01,1.034044742584228516e+00,1.106321692466735840e+00,1.642623901367187500e+00,1.345966577529907227e+00,1.312377333641052246e+00,9.328113794326782227e-01,8.712485432624816895e-01,9.868899583816528320e-01,9.938848018646240234e-01,7.742568850517272949e-01,8.212063312530517578e-01,8.726260662078857422e-01,9.404883384704589844e-01,9.440147280693054199e-01,7.829762101173400879e-01,8.716639876365661621e-01,9.232912063598632812e-01,9.790318012237548828e-01,9.560835361480712891e-01,9.487751126289367676e-01,9.055814146995544434e-01,1.023983716964721680e+00,1.014479637145996094e+00,1.209776878356933594e+00,1.207248806953430176e+00,9.929023385047912598e-01,9.954218268394470215e-01,9.603008031845092773e-01,1.130977869033813477e+00,9.605760574340820312e-01,9.453662037849426270e-01,1.037122488021850586e+00,1.168576598167419434e+00,1.200639128684997559e+00,1.127327203750610352e+00,9.542618393898010254e-01,9.157493114471435547e-01,9.332384467124938965e-01,1.012616872787475586e+00,1.073413252830505371e+00,1.097963809967041016e+00,9.969487190246582031e-01,9.714964032173156738e-01,8.311789035797119141e-01,9.502403140068054199e-01,9.071866273880004883e-01,1.241192460060119629e+00,1.009720087051391602e+00,1.129103183746337891e+00,9.923286437988281250e-01,1.182609677314758301e+00,1.217793107032775879e+00,1.191216826438903809e+00,1.161392450332641602e+00,1.138138771057128906e+00,1.041947841644287109e+00,1.190169811248779297e+00,0.000000000000000000e+00
9.641252160072326660e-01,1.118201136589050293e+00,1.057272553443908691e+00,1.088958263397216797e+00,1.015711784362792969e+00,8.008412122726440430e-01,1.036137461662292480e+00,4.592868983745574951e-01,7.229347229003906250e-01,6.682395339012145996e-01,1.099771857261657715e+00,1.195358633995056152e+00,9.961579442024230957e-01,9.857553243637084961e-01,7.476727962493896484e-01,7.447481751441955566e-01,1.009254217147827148e+00,9.922848939895629883e-01,1.114044070243835449e+00,1.043140888214111328e+00,8.541010022163391113e-01,1.130015611648559570e+00,1.131563067436218262e+00,1.210676193237304688e+00,1.107021331787109375e+00,7.727456688880920410e-01,6.943842768669128418e-01,9.435909390449523926e-01,9.992177486419677734e-01,8.366457223892211914e-01,8.397082686424255371e-01,1.190368056297302246e+00,1.225361347198486328e+00,9.845815896987915039e-01,1.018818974494934082e+00,1.010615229606628418e+00,9.815754294395446777e-01,8.539848923683166504e-01,8.187440633773803711e-01,1.046645998954772949e+00,1.066872000694274902e+00,9.979568719863891602e-01,8.366929292678833008e-01,9.421600699424743652e-01,1.045534968376159668e+00,1.042381048202514648e+00,9.046374559402465820e-01,9.546501636505126953e-01,1.200828313827514648e+00,9.460688233375549316e-01,9.402765631675720215e-01,1.067953586578369141e+00,1.057800292968750000e+00,9.445699453353881836e-01,9.668177962303161621e-01,1.018733143806457520e+00,9.770154953002929688e-01,9.132632613182067871e-01,8.520548343658447266e-01,9.158572554588317871e-01,9.220749735832214355e-01,9.858378767967224121e-01,9.135258793830871582e-01,1.259543418884277344e+00,9.847491383552551270e-01,7.971174120903015137e-01,7.754029035568237305e-01,1.093524336814880371e+00,1.110582232475280762e+00,9.812595248222351074e-01,7.183413505554199219e-01,1.006022334098815918e+00,9.608836174011230469e-01,9.967687129974365234e-01,1.003623485565185547e+00,1.166824102401733398e+00,1.310773968696594238e+00,1.449307799339294434e+00,1.343203425407409668e+00,1.037428379058837891e+00,1.091093540191650391e+00,9.946225881576538086e-01,1.153187632560729980e+00,1.198379755020141602e+00,1.002012133598327637e+00,1.014825582504272461e+00,9.240922927856445312e-01,1.081704735755920410e+00,9.962002635002136230e-01,1.217070698738098145e+00,9.431709051132202148e-01,9.297490119934082031e-01,9.567339420318603516e-01,1.012269258499145508e+00,1.123750686645507812e+00,8.639473319053649902e-01,8.646431565284729004e-01,9.829716086387634277e-01,5.394002199172973633e-01,1.021575331687927246e+00,1.064887523651123047e+00,1.129078626632690430e+00,7.936344742774963379e-01,1.095841884613037109e+00,9.596637487411499023e-01,1.198405504226684570e+00,1.251412868499755859e+00,9.375839233398437500e-01,1.027923226356506348e+00,1.019373416900634766e+00,5.145110487937927246e-01,1.009916305541992188e+00,1.099496126174926758e+00,9.997932910919189453e-01,8.061609864234924316e-01,1.331845283508300781e+00,1.212153077125549316e+00,1.078133702278137207e+00,1.185800552368164062e+00,1.163712382316589355e+00,1.121822357177734375e+00,1.218659639358520508e+00,1.223829984664916992e+00,8.801546692848205566e-01,7.348281741142272949e-01,8.807246088981628418e-01,7.359648346900939941e-01,8.962388038635253906e-01,8.820037841796875000e-01,1.041184306144714355e+00,9.075385332107543945e-01,9.687824845314025879e-01,7.517759203910827637e-01,9.010220766067504883e-01,7.707884311676025391e-01,1.093926072120666504e+00,1.115964412689208984e+00,6.817188858985900879e-01,7.521789073944091797e-01,9.634854197502136230e-01,8.726171255111694336e-01,1.217135310173034668e+00,1.088659644126892090e+00,1.002010107040405273e+00,8.724235296249389648e-01,8.435769081115722656e-01,6.645082831382751465e-01,8.679457902908325195e-01,1.066468715667724609e+00,1.005779862403869629e+00,9.989473819732666016e-01,1.143896818161010742e+00,1.157404303550720215e+00,1.126209020614624023e+00,1.077368736267089844e+00,1.098516225814819336e+00,8.067855834960937500e-01,1.000000000000000000e+00
9.215748906135559082e-01,1.197705864906311035e+00,1.064932584762573242e+00,1.188086390495300293e+00,9.289854168891906738e-01,6.651634573936462402e-01,9.881532192230224609e-01,6.445657014846801758e-01,1.110590457916259766e+00,1.135019540786743164e+00,1.017257094383239746e+00,1.030077338218688965e+00,1.015730738639831543e+00,1.011568665504455566e+00,8.909450769424438477e-01,8.802518844604492188e-01,1.035454511642456055e+00,1.022134780883789062e+00,1.223536133766174316e+00,1.178883910179138184e+00,7.481417059898376465e-01,9.594025611877441406e-01,1.032512068748474121e+00,1.079144597053527832e+00,1.101106405258178711e+00,4.058755636215209961e-01,3.378052711486816406e-01,9.654026627540588379e-01,1.002036571502685547e+00,1.087721586227416992e+00,1.115396380424499512e+00,1.139773011207580566e+00,1.137291789054870605e+00,9.615650773048400879e-01,9.687060117721557617e-01,1.032239079475402832e+00,1.059987902641296387e+00,6.514720320701599121e-01,5.893153548240661621e-01,8.176202774047851562e-01,8.792209029197692871e-01,9.507077932357788086e-01,1.024092555046081543e+00,1.031093716621398926e+00,8.523551225662231445e-01,9.600013494491577148e-01,7.782253623008728027e-01,8.717920780181884766e-01,1.159626364707946777e+00,9.286244511604309082e-01,8.723382949829101562e-01,8.501414656639099121e-01,9.860821366310119629e-01,8.971129655838012695e-01,9.441305994987487793e-01,1.251336693763732910e+00,9.810825586318969727e-01,9.535301923751831055e-01,9.775796532630920410e-01,7.959263920783996582e-01,7.724949121475219727e-01,8.961288332939147949e-01,8.761718273162841797e-01,8.163946866989135742e-01,1.198880195617675781e+00,1.077612996101379395e+00,1.217516779899597168e+00,8.972063064575195312e-01,9.645891785621643066e-01,8.324066400527954102e-01,9.237130880355834961e-01,9.477843642234802246e-01,9.111539125442504883e-01,9.196975231170654297e-01,9.169880151748657227e-01,7.208748459815979004e-01,1.018312573432922363e+00,9.287909269332885742e-01,8.593596816062927246e-01,9.304178357124328613e-01,9.295021891593933105e-01,1.035098433494567871e+00,1.061956644058227539e+00,1.276282072067260742e+00,1.319808006286621094e+00,8.997079730033874512e-01,9.332997798919677734e-01,9.755214452743530273e-01,9.811396002769470215e-01,1.108348727226257324e+00,8.083823919296264648e-01,8.230167031288146973e-01,1.030584812164306641e+00,1.145657300949096680e+00,1.290339469909667969e+00,1.058254241943359375e+00,1.017567038536071777e+00,1.485273718833923340e+00,1.180899143218994141e+00,9.383040070533752441e-01,1.103057026863098145e+00,7.843707799911499023e-01,1.126525640487670898e+00,9.976176023483276367e-01,9.313763380050659180e-01,9.751136898994445801e-01,8.552154898643493652e-01,8.941146731376647949e-01,9.758296012878417969e-01,1.046610474586486816e+00,8.544678688049316406e-01,1.336078286170959473e+00,1.530945420265197754e+00,8.486225008964538574e-01,1.267444252967834473e+00,1.145943760871887207e+00,6.326453089714050293e-01,8.841583132743835449e-01,8.864794373512268066e-01,9.141563177108764648e-01,9.103879928588867188e-01,9.433031678199768066e-01,1.077237844467163086e+00,7.947736978530883789e-01,8.131042122840881348e-01,8.755415081977844238e-01,7.459871172904968262e-01,9.292865991592407227e-01,9.199748039245605469e-01,8.370181322097778320e-01,7.374134659767150879e-01,8.157510757446289062e-01,8.582517504692077637e-01,1.031972289085388184e+00,1.074304819107055664e+00,8.822067975997924805e-01,1.070154547691345215e+00,1.035884141921997070e+00,1.074477314949035645e+00,7.552016377449035645e-01,8.965340852737426758e-01,1.037228107452392578e+00,1.018276214599609375e+00,9.554208517074584961e-01,1.114436745643615723e+00,1.266898989677429199e+00,1.177474498748779297e+00,8.541781902313232422e-01,1.297024011611938477e+00,9.078655838966369629e-01,1.233550548553466797e+00,9.592035412788391113e-01,1.067632675170898438e+00,9.074566960334777832e-01,8.131377696990966797e-01,6.961102485656738281e-01,5.926429033279418945e-01,1.000000000000000000e+00
